INSERT INTO `roles` (`id`, `created_date`,`last_modified_date`,`name`) VALUES ('1role', '2020-04-02 15:19:41.607000', '2020-04-02 15:19:41.607000', 'Admin')
INSERT INTO `roles` (`id`, `created_date`,`last_modified_date`,`name`) VALUES ('2role', '2020-04-02 15:19:41.607000', '2020-04-02 15:19:41.607000', 'Member')
INSERT INTO `roles` (`id`, `created_date`,`last_modified_date`,`name`) VALUES ('3role', '2020-04-02 15:19:41.607000', '2020-04-02 15:19:41.607000', 'Moderator')

INSERT INTO `users` (`id`,`created_date`, `last_modified_date`, `is_active`,`SHOW_SENSITIVE` , `age`, `cellphone`, `email`, `first_name`, `last_name`, `username`, `password`, `role_id`) VALUES ('4c34129-53453242-34532-2323a','2020-04-02 15:19:41.607000', '2020-04-02 15:19:41.607000', true,true, '25', '5059051000', 'testuser1@gmail.com', 'Name 1', 'Surname1','username1','$2a$10$825ylT3h5pe4t63xBDZIrOQca18mx6kTMx326','1role')
INSERT INTO `users` (`id`,`created_date`, `last_modified_date`, `is_active`,`SHOW_SENSITIVE` , `age`, `cellphone`, `email`, `first_name`, `last_name`, `username`, `password`, `role_id`) VALUES ('4c34129-53453242-34532-2323b','2020-04-02 15:19:41.607000', '2020-04-02 15:19:41.607000', true,true, '24', '5059051001', 'testuser2@gmail.com', 'Name 2', 'Surname2','username2','$2a$10$825ylT3h5pe4t63xBDZIrOQca18mx6kTMx326','1role')
INSERT INTO `users` (`id`,`created_date`, `last_modified_date`, `is_active`,`SHOW_SENSITIVE` , `age`, `cellphone`, `email`, `first_name`, `last_name`, `username`, `password`, `role_id`) VALUES ('4c34129-53453242-34532-2323c','2020-04-02 15:19:41.607000', '2020-04-02 15:19:41.607000', true,true, '26', '5059051002', 'testuser3@gmail.com', 'Name 3', 'Surname3','username3','$2a$10$825ylT3h5pe4t63xBDZIrOQca18mx6kTMx326','1role')

INSERT INTO `categories` (`id`, `created_date`,`last_modified_date`,`name`) VALUES ('53453242a', '2020-04-02 15:19:41.607000', '2020-04-02 15:19:41.607000', 'Category 1')

INSERT INTO `posts` (`id`, `created_date`, `last_modified_date`, `category_id`, `is_sensitive`, `title`, `user_id`,`image`) VALUES ('4c34129-53453242a', '2020-04-02 15:19:41.607000', '2020-04-02 15:19:41.607000', '53453242a', 1, 'Post Title 1', '4c34129-53453242-34532-2323a','')
INSERT INTO `posts` (`id`, `created_date`, `last_modified_date`, `category_id`, `is_sensitive`, `title`, `user_id`,`image`) VALUES ('4c34129-53453231b', '2020-04-02 15:19:41.607000', '2020-04-02 15:19:41.607000', '53453242a', 1, 'Post Title 2', '4c34129-53453242-34532-2323b','')
INSERT INTO `posts` (`id`, `created_date`, `last_modified_date`, `category_id`, `is_sensitive`, `title`, `user_id`,`image`) VALUES ('4c34129-53453222c', '2020-04-02 15:19:41.607000', '2020-04-02 15:19:41.607000', '53453242a', 1, 'Post Title 3', '4c34129-53453242-34532-2323c','')

INSERT INTO `comments` (`id`, `created_date`,`last_modified_date`,`content`, `user_id`, `post_id`) VALUES ('53453241y', '2020-04-02 15:19:41.607000', '2020-04-02 15:19:41.607000', 'Comment 1', '4c34129-53453242-34532-2323a', '4c34129-53453242a')
INSERT INTO `comments` (`id`, `created_date`,`last_modified_date`,`content`, `user_id`, `post_id`) VALUES ('53453241a', '2020-04-02 15:19:41.607000', '2020-04-02 15:19:41.607000', 'Comment 2', '4c34129-53453242-34532-2323b', '4c34129-53453242a')
INSERT INTO `comments` (`id`, `created_date`,`last_modified_date`,`content`, `user_id`, `post_id`) VALUES ('53453241b', '2020-04-02 15:19:41.607000', '2020-04-02 15:19:41.607000', 'Comment 3', '4c34129-53453242-34532-2323b', '4c34129-53453231b')
INSERT INTO `comments` (`id`, `created_date`,`last_modified_date`,`content`, `user_id`, `post_id`) VALUES ('53453241c', '2020-04-02 15:19:41.607000', '2020-04-02 15:19:41.607000', 'Comment 4', '4c34129-53453242-34532-2323b', '4c34129-53453231b')
INSERT INTO `comments` (`id`, `created_date`,`last_modified_date`,`content`, `user_id`, `post_id`) VALUES ('53453241d', '2020-04-02 15:19:41.607000', '2020-04-02 15:19:41.607000', 'Comment 5', '4c34129-53453242-34532-2323a', '4c34129-53453231b')
INSERT INTO `comments` (`id`, `created_date`,`last_modified_date`,`content`, `user_id`, `post_id`) VALUES ('53453241e', '2020-04-02 15:19:41.607000', '2020-04-02 15:19:41.607000', 'Comment 6', '4c34129-53453242-34532-2323a', '4c34129-53453231b')

INSERT INTO `votes` (`id`, `created_date`,`last_modified_date`,`count`, `post_id`,`type`) VALUES ('34532aA', '2020-04-02 15:19:41.607000', '2020-04-02 15:19:41.607000', 2,'4c34129-53453242a','UPVOTE')
INSERT INTO `votes` (`id`, `created_date`,`last_modified_date`,`count`, `post_id`,`type`) VALUES ('34532bee', '2020-04-02 15:19:41.607000', '2020-04-02 15:19:41.607000', 0,'4c34129-53453242a','DOWNVOTE')
INSERT INTO `votes` (`id`, `created_date`,`last_modified_date`,`count`, `post_id`,`type`) VALUES ('34532c123e', '2020-04-02 15:19:41.607000', '2020-04-02 15:19:41.607000', 0,'4c34129-53453222c','UPVOTE')
INSERT INTO `votes` (`id`, `created_date`,`last_modified_date`,`count`, `post_id`,`type`) VALUES ('34532adsa1d', '2020-04-02 15:19:41.607000', '2020-04-02 15:19:41.607000', 1,'4c34129-53453222c','DOWNVOTE')
INSERT INTO `votes` (`id`, `created_date`,`last_modified_date`,`count`, `post_id`,`type`) VALUES ('34532sdfsdf3', '2020-04-02 15:19:41.607000', '2020-04-02 15:19:41.607000', 2,'4c34129-53453231b','UPVOTE')
INSERT INTO `votes` (`id`, `created_date`,`last_modified_date`,`count`, `post_id`,`type`) VALUES ('34532fdfgd4', '2020-04-02 15:19:41.607000', '2020-04-02 15:19:41.607000', 0,'4c34129-53453231b','DOWNVOTE')

INSERT INTO `voteuser` (`id`, `created_date`,`last_modified_date`,`type`, `user_id`, `post_id`) VALUES ('534532241y', '2020-04-02 15:19:41.607000', '2020-04-02 15:19:41.607000', 'UPVOTE', '4c34129-53453242-34532-2323a', '4c34129-53453242a')
INSERT INTO `voteuser` (`id`, `created_date`,`last_modified_date`,`type`, `user_id`, `post_id`) VALUES ('5341253241a', '2020-04-02 15:19:41.607000', '2020-04-02 15:19:41.607000', 'UPVOTE', '4c34129-53453242-34532-2323b', '4c34129-53453242a')
INSERT INTO `voteuser` (`id`, `created_date`,`last_modified_date`,`type`, `user_id`, `post_id`) VALUES ('534dfg53241b', '2020-04-02 15:19:41.607000', '2020-04-02 15:19:41.607000', 'UPVOTE', '4c34129-53453242-34532-2323b', '4c34129-53453231b')
INSERT INTO `voteuser` (`id`, `created_date`,`last_modified_date`,`type`, `user_id`, `post_id`) VALUES ('5345fgd3241c', '2020-04-02 15:19:41.607000', '2020-04-02 15:19:41.607000', 'DOWNVOTE', '4c34129-53453242-34532-2323b', '4c34129-53453222c')
INSERT INTO `voteuser` (`id`, `created_date`,`last_modified_date`,`type`, `user_id`, `post_id`) VALUES ('5345bdf3241d', '2020-04-02 15:19:41.607000', '2020-04-02 15:19:41.607000', 'UPVOTE', '4c34129-53453242-34532-2323a', '4c34129-53453231b')
