INSERT INTO `users` (`id`,`created_date`, `last_modified_date`, `is_active`,`SHOW_SENSITIVE` , `age`, `cellphone`, `email`, `first_name`, `last_name`, `username`, `password`) VALUES ('4c34129-53453242-34532-2323a','2020-04-02 15:19:41.607000', '2020-04-02 15:19:41.607000', true,true, '25', '5059051102', 'canavdan1@gmail.com', 'Can', 'Avdan1','canavdan1','pass')
INSERT INTO `users` (`id`,`created_date`, `last_modified_date`, `is_active`,`SHOW_SENSITIVE` , `age`, `cellphone`, `email`, `first_name`, `last_name`, `username`, `password`) VALUES ('4c34129-53453242-34532-2323b','2020-04-02 15:19:41.607000', '2020-04-02 15:19:41.607000', true,true, '24', '5059051101', 'canavdan2@gmail.com', 'Can', 'Avdan2','canavdan2','pass')
INSERT INTO `users` (`id`,`created_date`, `last_modified_date`, `is_active`,`SHOW_SENSITIVE` , `age`, `cellphone`, `email`, `first_name`, `last_name`, `username`, `password`) VALUES ('4c34129-53453242-34532-2323c','2020-04-02 15:19:41.607000', '2020-04-02 15:19:41.607000', true,true, '26', '5059051103', 'canavdan3@gmail.com', 'Can', 'Avdan3','canavdan3','pass')
INSERT INTO `users` (`id`,`created_date`, `last_modified_date`, `is_active`,`SHOW_SENSITIVE` , `age`, `cellphone`, `email`, `first_name`, `last_name`, `username`, `password`) VALUES ('4c34129-53453242-34532-2323d','2020-04-02 15:19:41.607000', '2020-04-02 15:19:41.607000', true,true, '22', '5059051104', 'canavdan4@gmail.com', 'Can', 'Avdan4','canavdan4','pass')
INSERT INTO `users` (`id`,`created_date`, `last_modified_date`, `is_active`,`SHOW_SENSITIVE` , `age`, `cellphone`, `email`, `first_name`, `last_name`, `username`, `password`) VALUES ('4c34129-53453242-34532-2323e','2020-04-02 15:19:41.607000', '2020-04-02 15:19:41.607000', true,true, '21', '5059051105', 'canavdan5@gmail.com', 'Can', 'Avdan5','canavdan5','pass')
INSERT INTO `users` (`id`,`created_date`, `last_modified_date`, `is_active`, `SHOW_SENSITIVE` ,`age`, `cellphone`, `email`, `first_name`, `last_name`, `username`, `password`) VALUES ('4c34129-53453242-34532-2323f','2020-04-02 15:19:41.607000', '2020-04-02 15:19:41.607000', true,true, '23', '5059051106', 'canavdan6@gmail.com', 'Can', 'Avdan6','canavdan6','pass')
INSERT INTO `users` (`id`,`created_date`, `last_modified_date`, `is_active`,`SHOW_SENSITIVE` , `age`, `cellphone`, `email`, `first_name`, `last_name`, `username`, `password`) VALUES ('4c34129-53453242-34532-2323g','2020-04-02 15:19:41.607000', '2020-04-02 15:19:41.607000', true,true, '29', '5059051107', 'canavdan7@gmail.com', 'Can', 'Avdan7','canavdan7','pass')

INSERT INTO `categories` (`id`, `created_date`,`last_modified_date`,`name`) VALUES ('53453242a', '2020-04-02 15:19:41.607000', '2020-04-02 15:19:41.607000', 'Cat 1')
INSERT INTO `categories` (`id`, `created_date`,`last_modified_date`,`name`) VALUES ('53453242b', '2020-04-02 15:19:41.607000', '2020-04-02 15:19:41.607000', 'Cat 2')
INSERT INTO `categories` (`id`, `created_date`,`last_modified_date`,`name`) VALUES ('53453242c', '2020-04-02 15:19:41.607000', '2020-04-02 15:19:41.607000', 'Cat 3')


INSERT INTO `posts` (`id`, `created_date`, `last_modified_date`, `category_id`, `is_sensitive`, `title`, `user_id`) VALUES ('4c34129-53453242a', '2020-04-02 15:19:41.607000', '2020-04-02 15:19:41.607000', '53453242a', 1, 'Post Title 1', '4c34129-53453242-34532-2323a')
INSERT INTO `posts` (`id`, `created_date`, `last_modified_date`, `category_id`, `is_sensitive`, `title`, `user_id`) VALUES ('4c34129-53453231b', '2020-04-02 15:19:41.607000', '2020-04-02 15:19:41.607000', '53453242b', 1, 'Post Title 2', '4c34129-53453242-34532-2323b')
INSERT INTO `posts` (`id`, `created_date`, `last_modified_date`, `category_id`, `is_sensitive`, `title`, `user_id`) VALUES ('4c34129-53453222c', '2020-04-02 15:19:41.607000', '2020-04-02 15:19:41.607000', '53453242c', 1, 'Post Title 3', '4c34129-53453242-34532-2323c')
INSERT INTO `posts` (`id`, `created_date`, `last_modified_date`, `category_id`, `is_sensitive`, `title`, `user_id`) VALUES ('4c34129-53453222d', '2020-04-02 15:19:41.607000', '2020-04-02 15:19:41.607000', '53453242c', 1, 'Post Title 4', '4c34129-53453242-34532-2323c')
INSERT INTO `posts` (`id`, `created_date`, `last_modified_date`, `category_id`, `is_sensitive`, `title`, `user_id`) VALUES ('4c34129-53453222e', '2020-04-02 15:19:41.607000', '2020-04-02 15:19:41.607000', '53453242c', 1, 'Post Title 5', '4c34129-53453242-34532-2323c')
INSERT INTO `posts` (`id`, `created_date`, `last_modified_date`, `category_id`, `is_sensitive`, `title`, `user_id`) VALUES ('4c34129-53453222f', '2020-04-02 15:19:41.607000', '2020-04-02 15:19:41.607000', '53453242b', 1, 'Post Title 6', '4c34129-53453242-34532-2323d')
INSERT INTO `posts` (`id`, `created_date`, `last_modified_date`, `category_id`, `is_sensitive`, `title`, `user_id`) VALUES ('4c34129-53453222g', '2020-04-02 15:19:41.607000', '2020-04-02 15:19:41.607000', '53453242a', 1, 'Post Title 7', '4c34129-53453242-34532-2323e')
INSERT INTO `posts` (`id`, `created_date`, `last_modified_date`, `category_id`, `is_sensitive`, `title`, `user_id`) VALUES ('4c34129-53453222h', '2020-04-02 15:19:41.607000', '2020-04-02 15:19:41.607000', '53453242b', 1, 'Post Title 8', '4c34129-53453242-34532-2323f')
INSERT INTO `posts` (`id`, `created_date`, `last_modified_date`, `category_id`, `is_sensitive`, `title`, `user_id`) VALUES ('4c34129-53453222i', '2020-04-02 15:19:41.607000', '2020-04-02 15:19:41.607000', '53453242b', 1, 'Post Title 9', '4c34129-53453242-34532-2323g')
INSERT INTO `posts` (`id`, `created_date`, `last_modified_date`, `category_id`, `is_sensitive`, `title`, `user_id`) VALUES ('4c34129-53453222j', '2020-04-02 15:19:41.607000', '2020-04-02 15:19:41.607000', '53453242b', 1, 'Post Title 10', '4c34129-53453242-34532-2323a')


INSERT INTO `comments` (`id`, `created_date`,`last_modified_date`,`content`, `user_id`, `post_id`) VALUES ('53453241y', '2020-04-02 15:19:41.607000', '2020-04-02 15:19:41.607000', 'Comment 1', '4c34129-53453242-34532-2323a', '4c34129-53453242a')
INSERT INTO `comments` (`id`, `created_date`,`last_modified_date`,`content`, `user_id`, `post_id`) VALUES ('53453241a', '2020-04-02 15:19:41.607000', '2020-04-02 15:19:41.607000', 'Comment 2', '4c34129-53453242-34532-2323b', '4c34129-53453242a')
INSERT INTO `comments` (`id`, `created_date`,`last_modified_date`,`content`, `user_id`, `post_id`) VALUES ('53453241b', '2020-04-02 15:19:41.607000', '2020-04-02 15:19:41.607000', 'Comment 3', '4c34129-53453242-34532-2323b', '4c34129-53453231b')
INSERT INTO `comments` (`id`, `created_date`,`last_modified_date`,`content`, `user_id`, `post_id`) VALUES ('53453241c', '2020-04-02 15:19:41.607000', '2020-04-02 15:19:41.607000', 'Comment 4', '4c34129-53453242-34532-2323b', '4c34129-53453231b')
INSERT INTO `comments` (`id`, `created_date`,`last_modified_date`,`content`, `user_id`, `post_id`) VALUES ('53453241d', '2020-04-02 15:19:41.607000', '2020-04-02 15:19:41.607000', 'Comment 5', '4c34129-53453242-34532-2323a', '4c34129-53453231b')
INSERT INTO `comments` (`id`, `created_date`,`last_modified_date`,`content`, `user_id`, `post_id`) VALUES ('53453241e', '2020-04-02 15:19:41.607000', '2020-04-02 15:19:41.607000', 'Comment 6', '4c34129-53453242-34532-2323a', '4c34129-53453231b')
INSERT INTO `comments` (`id`, `created_date`,`last_modified_date`,`content`, `user_id`, `post_id`) VALUES ('53453241f', '2020-04-02 15:19:41.607000', '2020-04-02 15:19:41.607000', 'Comment 7', '4c34129-53453242-34532-2323c', '4c34129-53453222d')
INSERT INTO `comments` (`id`, `created_date`,`last_modified_date`,`content`, `user_id`, `post_id`) VALUES ('53453241g', '2020-04-02 15:19:41.607000', '2020-04-02 15:19:41.607000', 'Comment 8', '4c34129-53453242-34532-2323a', '4c34129-53453222d')
INSERT INTO `comments` (`id`, `created_date`,`last_modified_date`,`content`, `user_id`, `post_id`) VALUES ('53453241h', '2020-04-02 15:19:41.607000', '2020-04-02 15:19:41.607000', 'Comment 9', '4c34129-53453242-34532-2323b', '4c34129-53453222d')
INSERT INTO `comments` (`id`, `created_date`,`last_modified_date`,`content`, `user_id`, `post_id`) VALUES ('53453241j', '2020-04-02 15:19:41.607000', '2020-04-02 15:19:41.607000', 'Comment 10', '4c34129-53453242-34532-2323a', '4c34129-53453222f')
INSERT INTO `comments` (`id`, `created_date`,`last_modified_date`,`content`, `user_id`, `post_id`) VALUES ('53453241i', '2020-04-02 15:19:41.607000', '2020-04-02 15:19:41.607000', 'Comment 11', '4c34129-53453242-34532-2323e', '4c34129-53453222g')
INSERT INTO `comments` (`id`, `created_date`,`last_modified_date`,`content`, `user_id`, `post_id`) VALUES ('53453241k', '2020-04-02 15:19:41.607000', '2020-04-02 15:19:41.607000', 'Comment 12', '4c34129-53453242-34532-2323f', '4c34129-53453222i')
INSERT INTO `comments` (`id`, `created_date`,`last_modified_date`,`content`, `user_id`, `post_id`) VALUES ('53453241l', '2020-04-02 15:19:41.607000', '2020-04-02 15:19:41.607000', 'Comment 13', '4c34129-53453242-34532-2323g', '4c34129-53453222i')

INSERT INTO `votes` (`id`, `created_date`,`last_modified_date`,`count`, `post_id`,`type`) VALUES ('34532aA', '2020-04-02 15:19:41.607000', '2020-04-02 15:19:41.607000', 2,'4c34129-53453242a','UPVOTE')
INSERT INTO `votes` (`id`, `created_date`,`last_modified_date`,`count`, `post_id`,`type`) VALUES ('34532bee', '2020-04-02 15:19:41.607000', '2020-04-02 15:19:41.607000', 0,'4c34129-53453242a','DOWNVOTE')
INSERT INTO `votes` (`id`, `created_date`,`last_modified_date`,`count`, `post_id`,`type`) VALUES ('34532c123e', '2020-04-02 15:19:41.607000', '2020-04-02 15:19:41.607000', 0,'4c34129-53453222c','UPVOTE')
INSERT INTO `votes` (`id`, `created_date`,`last_modified_date`,`count`, `post_id`,`type`) VALUES ('34532adsa1d', '2020-04-02 15:19:41.607000', '2020-04-02 15:19:41.607000', 1,'4c34129-53453222c','DOWNVOTE')
INSERT INTO `votes` (`id`, `created_date`,`last_modified_date`,`count`, `post_id`,`type`) VALUES ('34532sdfsdf3', '2020-04-02 15:19:41.607000', '2020-04-02 15:19:41.607000', 2,'4c34129-53453231b','UPVOTE')
INSERT INTO `votes` (`id`, `created_date`,`last_modified_date`,`count`, `post_id`,`type`) VALUES ('34532fdfgd4', '2020-04-02 15:19:41.607000', '2020-04-02 15:19:41.607000', 0,'4c34129-53453231b','DOWNVOTE')
INSERT INTO `votes` (`id`, `created_date`,`last_modified_date`,`count`, `post_id`,`type`) VALUES ('34532gdfgbd34', '2020-04-02 15:19:41.607000', '2020-04-02 15:19:41.607000', 0,'4c34129-53453222d','UPVOTE')
INSERT INTO `votes` (`id`, `created_date`,`last_modified_date`,`count`, `post_id`,`type`) VALUES ('34532hdfgdfbn4', '2020-04-02 15:19:41.607000', '2020-04-02 15:19:41.607000', 3,'4c34129-53453222d','DOWNVOTE')
INSERT INTO `votes` (`id`, `created_date`,`last_modified_date`,`count`, `post_id`,`type`) VALUES ('34532ifdgdf3', '2020-04-02 15:19:41.607000', '2020-04-02 15:19:41.607000', 0,'4c34129-53453222e','UPVOTE')
INSERT INTO `votes` (`id`, `created_date`,`last_modified_date`,`count`, `post_id`,`type`) VALUES ('34532jdfgdf34', '2020-04-02 15:19:41.607000', '2020-04-02 15:19:41.607000', 0,'4c34129-53453222e','DOWNVOTE')
INSERT INTO `votes` (`id`, `created_date`,`last_modified_date`,`count`, `post_id`,`type`) VALUES ('34532kfdgdfg2', '2020-04-02 15:19:41.607000', '2020-04-02 15:19:41.607000', 0,'4c34129-53453222f','UPVOTE')
INSERT INTO `votes` (`id`, `created_date`,`last_modified_date`,`count`, `post_id`,`type`) VALUES ('34532lsdg4', '2020-04-02 15:19:41.607000', '2020-04-02 15:19:41.607000', 1,'4c34129-53453222f','DOWNVOTE')
INSERT INTO `votes` (`id`, `created_date`,`last_modified_date`,`count`, `post_id`,`type`) VALUES ('34532mdfgd4', '2020-04-02 15:19:41.607000', '2020-04-02 15:19:41.607000', 2,'4c34129-53453222g','UPVOTE')
INSERT INTO `votes` (`id`, `created_date`,`last_modified_date`,`count`, `post_id`,`type`) VALUES ('34532ngfdg5', '2020-04-02 15:19:41.607000', '2020-04-02 15:19:41.607000', 0,'4c34129-53453222g','DOWNVOTE')
INSERT INTO `votes` (`id`, `created_date`,`last_modified_date`,`count`, `post_id`,`type`) VALUES ('34532ekeqwe2', '2020-04-02 15:19:41.607000', '2020-04-02 15:19:41.607000', 0,'4c34129-53453222h','UPVOTE')
INSERT INTO `votes` (`id`, `created_date`,`last_modified_date`,`count`, `post_id`,`type`) VALUES ('34532aedfs3', '2020-04-02 15:19:41.607000', '2020-04-02 15:19:41.607000', 0,'4c34129-53453222h','DOWNVOTE')
INSERT INTO `votes` (`id`, `created_date`,`last_modified_date`,`count`, `post_id`,`type`) VALUES ('34532fajghj2', '2020-04-02 15:19:41.607000', '2020-04-02 15:19:41.607000', 1,'4c34129-53453222i','UPVOTE')
INSERT INTO `votes` (`id`, `created_date`,`last_modified_date`,`count`, `post_id`,`type`) VALUES ('34532hrdg4', '2020-04-02 15:19:41.607000', '2020-04-02 15:19:41.607000', 1,'4c34129-53453222i','DOWNVOTE')
INSERT INTO `votes` (`id`, `created_date`,`last_modified_date`,`count`, `post_id`,`type`) VALUES ('34532adqq2a', '2020-04-02 15:19:41.607000', '2020-04-02 15:19:41.607000', 0,'4c34129-53453222j','UPVOTE')
INSERT INTO `votes` (`id`, `created_date`,`last_modified_date`,`count`, `post_id`,`type`) VALUES ('34532ewasdaw2', '2020-04-02 15:19:41.607000', '2020-04-02 15:19:41.607000', 0,'4c34129-53453222j','DOWNVOTE')


INSERT INTO `voteuser` (`id`, `created_date`,`last_modified_date`,`type`, `user_id`, `post_id`) VALUES ('534532241y', '2020-04-02 15:19:41.607000', '2020-04-02 15:19:41.607000', 'UPVOTE', '4c34129-53453242-34532-2323a', '4c34129-53453242a')
INSERT INTO `voteuser` (`id`, `created_date`,`last_modified_date`,`type`, `user_id`, `post_id`) VALUES ('5341253241a', '2020-04-02 15:19:41.607000', '2020-04-02 15:19:41.607000', 'UPVOTE', '4c34129-53453242-34532-2323b', '4c34129-53453242a')
INSERT INTO `voteuser` (`id`, `created_date`,`last_modified_date`,`type`, `user_id`, `post_id`) VALUES ('534dfg53241b', '2020-04-02 15:19:41.607000', '2020-04-02 15:19:41.607000', 'UPVOTE', '4c34129-53453242-34532-2323b', '4c34129-53453231b')
INSERT INTO `voteuser` (`id`, `created_date`,`last_modified_date`,`type`, `user_id`, `post_id`) VALUES ('5345fgd3241c', '2020-04-02 15:19:41.607000', '2020-04-02 15:19:41.607000', 'DOWNVOTE', '4c34129-53453242-34532-2323b', '4c34129-53453222c')
INSERT INTO `voteuser` (`id`, `created_date`,`last_modified_date`,`type`, `user_id`, `post_id`) VALUES ('5345bdf3241d', '2020-04-02 15:19:41.607000', '2020-04-02 15:19:41.607000', 'UPVOTE', '4c34129-53453242-34532-2323a', '4c34129-53453231b')
INSERT INTO `voteuser` (`id`, `created_date`,`last_modified_date`,`type`, `user_id`, `post_id`) VALUES ('5345aacn3241e', '2020-04-02 15:19:41.607000', '2020-04-02 15:19:41.607000', 'UPVOTE', '4c34129-53453242-34532-2323a', '4c34129-53453222g')
INSERT INTO `voteuser` (`id`, `created_date`,`last_modified_date`,`type`, `user_id`, `post_id`) VALUES ('534sdas53241f', '2020-04-02 15:19:41.607000', '2020-04-02 15:19:41.607000', 'DOWNVOTE', '4c34129-53453242-34532-2323c', '4c34129-53453222d')
INSERT INTO `voteuser` (`id`, `created_date`,`last_modified_date`,`type`, `user_id`, `post_id`) VALUES ('5345bvncv3241g', '2020-04-02 15:19:41.607000', '2020-04-02 15:19:41.607000', 'DOWNVOTE', '4c34129-53453242-34532-2323a', '4c34129-53453222d')
INSERT INTO `voteuser` (`id`, `created_date`,`last_modified_date`,`type`, `user_id`, `post_id`) VALUES ('5345hbnb3241h', '2020-04-02 15:19:41.607000', '2020-04-02 15:19:41.607000', 'DOWNVOTE', '4c34129-53453242-34532-2323b', '4c34129-53453222d')
INSERT INTO `voteuser` (`id`, `created_date`,`last_modified_date`,`type`, `user_id`, `post_id`) VALUES ('53453241j', '2020-04-02 15:19:41.607000', '2020-04-02 15:19:41.607000', 'DOWNVOTE', '4c34129-53453242-34532-2323a', '4c34129-53453222f')
INSERT INTO `voteuser` (`id`, `created_date`,`last_modified_date`,`type`, `user_id`, `post_id`) VALUES ('534532yrty41i', '2020-04-02 15:19:41.607000', '2020-04-02 15:19:41.607000', 'UPVOTE', '4c34129-53453242-34532-2323e', '4c34129-53453222g')
INSERT INTO `voteuser` (`id`, `created_date`,`last_modified_date`,`type`, `user_id`, `post_id`) VALUES ('5w345qqwe3241k', '2020-04-02 15:19:41.607000', '2020-04-02 15:19:41.607000', 'DOWNVOTE', '4c34129-53453242-34532-2323f', '4c34129-53453222i')
INSERT INTO `voteuser` (`id`, `created_date`,`last_modified_date`,`type`, `user_id`, `post_id`) VALUES ('5345324eersz1l', '2020-04-02 15:19:41.607000', '2020-04-02 15:19:41.607000', 'UPVOTE', '4c34129-53453242-34532-2323g', '4c34129-53453222i')
